Zelle;Kapazität in mAh;Temperatur;Volt/SOC;Relative Kapazität in %;Dauer d. Alterung in Tagen;Rel. Kapa. % / Tag;Verlust an abs. Kapa in mAh für entsprechende Tage;mAh/Tag;mAh/Jahr;Paper;Chemie;Art d. Alterung;Kondition der Alterung
NCR18650PD;2800;25;0;0.984;288.0;0.0055556;44.8;0.155555556;56.77777778;Calendar Aging of NCA Lithium-I;NCA;Calendar;Keine Angabe
NCR18650PD;2800;50;0;0.967;285.0;0.0115789;92.4;0.324210526;118.3368421;Calendar Aging of NCA Lithium-I;NCA;Calendar;Keine Angabe
NCR18650PD;2800;50;0;0.967;300.0;0.0110000;92.4;0.308;112.42;Calendar Aging of Lithium-Ion Batteries;NCA;Calendar;Keine Angabe
NCR18650PD;2800;40;0;0.976;300.0;0.0080000;67.2;0.224;81.76;Calendar Aging of Lithium-Ion Batteries;NCA;Calendar;Keine Angabe
NCR18650PD;2800;25;0;0.984;300.0;0.0053333;44.8;0.149333333;54.50666667;Calendar Aging of Lithium-Ion Batteries;NCA;Calendar;Keine Angabe
UR18650E;2050;50;0;0.974;300.0;0.0086667;53.3;0.177666667;64.84833333;Calendar Aging of Lithium-Ion Batteries;NMC;Calendar;Keine Angabe
UR18650E;2050;40;0;0.981;300.0;0.0063333;38.95;0.129833333;47.38916667;Calendar Aging of Lithium-Ion Batteries;NMC;Calendar;Keine Angabe
UR18650E;2050;25;0;0.989;300.0;0.0036667;22.55;0.075166667;27.43583333;Calendar Aging of Lithium-Ion Batteries;NMC;Calendar;Keine Angabe
APR18650M1A;1100;40;0;0.977;270.0;0.0085185;25.3;0.093703704;34.20185185;Calendar Aging of Lithium-Ion Batteries;LFP;Calendar;Keine Angabe
APR18650M1A;1100;25;0;0.999;270.0;0.0003704;1.1;0.004074074;1.487037037;Calendar Aging of Lithium-Ion Batteries;LFP;Calendar;Keine Angabe
UR18650E;2050;50;0;0.938;512.3;0.0121020;127.1;0.248091976;90.55357108;A holistic aging model for Li(NiMnCo)O2 based 18650 lithium-ion batteries;NMC;Calendar;Keine Angabe
INR18650-26F;2600;60;2;1.016;30.0;-0.0533333;-41.6;-1.386666667;-506.1333333;Comparative Study on the Calendar Ageing;NMC;Calendar;Keine Angabe
INR18650-26F;2600;60;2;1.015;60.0;-0.0250000;-39;-0.65;-237.25;Comparative Study on the Calendar Ageing;NMC;Calendar;Keine Angabe
INR18650-26F;2600;60;2;1.010;90.0;-0.0111111;-26;-0.288888889;-105.4444444;Comparative Study on the Calendar Ageing;NMC;Calendar;Keine Angabe
INR18650-26F;2600;60;2;1.011;120.0;-0.0091667;-28.6;-0.238333333;-86.99166667;Comparative Study on the Calendar Ageing;NMC;Calendar;Keine Angabe
INR18650-25R;2500;60;2;1.028;30.0;-0.0933333;-70;-2.333333333;-851.6666667;Comparative Study on the Calendar Ageing;NCA;Calendar;Keine Angabe
INR18650-25R;2500;60;2;1.021;60.0;-0.0350000;-52.5;-0.875;-319.375;Comparative Study on the Calendar Ageing;NCA;Calendar;Keine Angabe
INR18650-25R;2500;60;2;1.012;90.0;-0.0133333;-30;-0.333333333;-121.6666667;Comparative Study on the Calendar Ageing;NCA;Calendar;Keine Angabe
INR18650-25R;2500;60;2;1.004;120.0;-0.0033333;-10;-0.083333333;-30.41666667;Comparative Study on the Calendar Ageing;NCA;Calendar;Keine Angabe
UR18650ZY;2600;60;2;1.062;30.0;-0.2066667;-161.2;-5.373333333;-1961.266667;Comparative Study on the Calendar Ageing;LCO;Calendar;Keine Angabe
UR18650ZY;2600;60;2;1.051;60.0;-0.0850000;-132.6;-2.21;-806.65;Comparative Study on the Calendar Ageing;LCO;Calendar;Keine Angabe
UR18650ZY;2600;60;2;1.046;90.0;-0.0511111;-119.6;-1.328888889;-485.0444444;Comparative Study on the Calendar Ageing;LCO;Calendar;Keine Angabe
UR18650ZY;2600;60;2;1.038;120.0;-0.0316667;-98.8;-0.823333333;-300.5166667;Comparative Study on the Calendar Ageing;LCO;Calendar;Keine Angabe
NITECORE 2000mAh (?);2000;60;2;1.108;30.0;-0.3600000;-216;-7.2;-2628;Comparative Study on the Calendar Ageing;LMO;Calendar;Keine Angabe
NITECORE 2000mAh (?);2000;60;2;1.100;60.0;-0.1666667;-200;-3.333333333;-1216.666667;Comparative Study on the Calendar Ageing;LMO;Calendar;Keine Angabe
NITECORE 2000mAh (?);2000;60;2;1.112;90.0;-0.1244444;-224;-2.488888889;-908.4444444;Comparative Study on the Calendar Ageing;LMO;Calendar;Keine Angabe
NITECORE 2000mAh (?);2000;60;2;1.116;120.0;-0.0966667;-232;-1.933333333;-705.6666667;Comparative Study on the Calendar Ageing;LMO;Calendar;Keine Angabe
INR18650-26F;2600;50;2;0.995;100.0;0.0050000;13;0.13;47.45;Comparative Study on the Calendar Ageing;NMC;Calendar;Keine Angabe
INR18650-26F;2600;50;2;1.055;150.0;-0.0366667;-143;-0.953333333;-347.9666667;Comparative Study on the Calendar Ageing;NMC;Calendar;Keine Angabe
INR18650-25R;2500;50;2;1.122;100.0;-0.1220000;-305;-3.05;-1113.25;Comparative Study on the Calendar Ageing;NCA;Calendar;Keine Angabe
INR18650-25R;2500;50;2;1.122;150.0;-0.0813333;-305;-2.033333333;-742.1666667;Comparative Study on the Calendar Ageing;NCA;Calendar;Keine Angabe
UR18650ZY;2600;50;2;1.160;100.0;-0.1600000;-416;-4.16;-1518.4;Comparative Study on the Calendar Ageing;LCO;Calendar;Keine Angabe
UR18650ZY;2600;50;2;1.187;150.0;-0.1246667;-486.2;-3.241333333;-1183.086667;Comparative Study on the Calendar Ageing;LCO;Calendar;Keine Angabe
NITECORE 2000mAh (?);2000;50;2;1.246;100.0;-0.2460000;-492;-4.92;-1795.8;Comparative Study on the Calendar Ageing;LMO;Calendar;Keine Angabe
NITECORE 2000mAh (?);2000;50;2;1.267;150.0;-0.1780000;-534;-3.56;-1299.4;Comparative Study on the Calendar Ageing;LMO;Calendar;Keine Angabe
NCR18650PD;2800;25;0;0.992;267.0;0.0029963;22.4;0.083895131;30.62172285;Calendar Aging of NCA Lithium-I;NCA;Calendar;Keine Angabe
NCR18650PD;2800;55;0;0.971;258.0;0.0112403;81.2;0.314728682;114.875969;Calendar Aging of NCA Lithium-I;NCA;Calendar;Keine Angabe
NCR18650PD;2800;25;12;0.985;267.0;0.0056180;42;0.157303371;57.41573034;Calendar Aging of NCA Lithium-I;NCA;Calendar;Keine Angabe
NCR18650PD;2800;55;12;0.943;258.0;0.0220930;159.6;0.618604651;225.7906977;Calendar Aging of NCA Lithium-I;NCA;Calendar;Keine Angabe
NCR18650PD;2800;25;28;0.978;267.0;0.0082397;61.6;0.23071161;84.20973783;Calendar Aging of NCA Lithium-I;NCA;Calendar;Keine Angabe
NCR18650PD;2800;55;28;0.927;258.0;0.0282946;204.4;0.792248062;289.1705426;Calendar Aging of NCA Lithium-I;NCA;Calendar;Keine Angabe
NCR18650PD;2800;25;45;0.978;267.0;0.0082397;61.6;0.23071161;84.20973783;Calendar Aging of NCA Lithium-I;NCA;Calendar;Keine Angabe
NCR18650PD;2800;55;45;0.918;258.0;0.0317829;229.6;0.889922481;324.8217054;Calendar Aging of NCA Lithium-I;NCA;Calendar;Keine Angabe
NCR18650PD;2800;25;62;0.955;267.0;0.0168539;126;0.471910112;172.247191;Calendar Aging of NCA Lithium-I;NCA;Calendar;Keine Angabe
NCR18650PD;2800;55;62;0.899;258.0;0.0391473;282.8;1.096124031;400.0852713;Calendar Aging of NCA Lithium-I;NCA;Calendar;Keine Angabe
NCR18650PD;2800;25;76;0.956;267.0;0.0164794;123.2;0.461423221;168.4194757;Calendar Aging of NCA Lithium-I;NCA;Calendar;Keine Angabe
NCR18650PD;2800;55;76;0.884;258.0;0.0449612;324.8;1.258914729;459.503876;Calendar Aging of NCA Lithium-I;NCA;Calendar;Keine Angabe
NCR18650PD;2800;25;87;0.958;267.0;0.0157303;117.6;0.440449438;160.7640449;Calendar Aging of NCA Lithium-I;NCA;Calendar;Keine Angabe
NCR18650PD;2800;55;87;0.889;258.0;0.0430233;310.8;1.204651163;439.6976744;Calendar Aging of NCA Lithium-I;NCA;Calendar;Keine Angabe
NCR18650PD;2800;25;100;0.965;267.0;0.0131086;98;0.367041199;133.9700375;Calendar Aging of NCA Lithium-I;NCA;Calendar;Keine Angabe
NCR18650PD;2800;55;100;0.895;258.0;0.0406977;294;1.139534884;415.9302326;Calendar Aging of NCA Lithium-I;NCA;Calendar;Keine Angabe
NCR18650PD;2800;25;5;0.979;288.0;0.0072917;58.8;0.204166667;74.52083333;Calendar Aging of NCA Lithium-I;NCA;Calendar;Keine Angabe
NCR18650PD;2800;50;5;0.954;285.0;0.0161404;128.8;0.451929825;164.954386;Calendar Aging of NCA Lithium-I;NCA;Calendar;Keine Angabe
NCR18650PD;2800;50;5;0.954;300.0;0.0153333;128.8;0.429333333;156.7066667;Calendar Aging of Lithium-Ion Batteries;NCA;Calendar;Keine Angabe
NCR18650PD;2800;40;5;0.967;300.0;0.0110000;92.4;0.308;112.42;Calendar Aging of Lithium-Ion Batteries;NCA;Calendar;Keine Angabe
NCR18650PD;2800;25;5;0.980;300.0;0.0066667;56;0.186666667;68.13333333;Calendar Aging of Lithium-Ion Batteries;NCA;Calendar;Keine Angabe
UR18650E;2050;50;5;0.953;300.0;0.0156667;96.35;0.321166667;117.2258333;Calendar Aging of Lithium-Ion Batteries;NMC;Calendar;Keine Angabe
UR18650E;2050;40;5;0.971;300.0;0.0096667;59.45;0.198166667;72.33083333;Calendar Aging of Lithium-Ion Batteries;NMC;Calendar;Keine Angabe
UR18650E;2050;25;5;0.986;300.0;0.0046667;28.7;0.095666667;34.91833333;Calendar Aging of Lithium-Ion Batteries;NMC;Calendar;Keine Angabe
APR18650M1A;1100;50;5;0.926;270.0;0.0274074;81.4;0.301481481;110.0407407;Calendar Aging of Lithium-Ion Batteries;LFP;Calendar;Keine Angabe
APR18650M1A;1100;40;5;0.964;270.0;0.0133333;39.6;0.146666667;53.53333333;Calendar Aging of Lithium-Ion Batteries;LFP;Calendar;Keine Angabe
APR18650M1A;1100;25;5;0.993;270.0;0.0025926;7.7;0.028518519;10.40925926;Calendar Aging of Lithium-Ion Batteries;LFP;Calendar;Keine Angabe
NCR18650PD;2800;25;10;0.978;288.0;0.0076389;61.6;0.213888889;78.06944444;Calendar Aging of NCA Lithium-I;NCA;Calendar;Keine Angabe
NCR18650PD;2800;50;10;0.951;285.0;0.0171930;137.2;0.481403509;175.7122807;Calendar Aging of NCA Lithium-I;NCA;Calendar;Keine Angabe
NCR18650PD;2800;50;10;0.951;300.0;0.0163333;137.2;0.457333333;166.9266667;Calendar Aging of Lithium-Ion Batteries;NCA;Calendar;Keine Angabe
NCR18650PD;2800;40;10;0.965;300.0;0.0116667;98;0.326666667;119.2333333;Calendar Aging of Lithium-Ion Batteries;NCA;Calendar;Keine Angabe
NCR18650PD;2800;25;10;0.976;300.0;0.0080000;67.2;0.224;81.76;Calendar Aging of Lithium-Ion Batteries;NCA;Calendar;Keine Angabe
UR18650E;2050;50;10;0.938;300.0;0.0206667;127.1;0.423666667;154.6383333;Calendar Aging of Lithium-Ion Batteries;NMC;Calendar;Keine Angabe
UR18650E;2050;40;10;0.965;300.0;0.0116667;71.75;0.239166667;87.29583333;Calendar Aging of Lithium-Ion Batteries;NMC;Calendar;Keine Angabe
UR18650E;2050;25;10;0.981;300.0;0.0063333;38.95;0.129833333;47.38916667;Calendar Aging of Lithium-Ion Batteries;NMC;Calendar;Keine Angabe
APR18650M1A;1100;50;10;0.920;270.0;0.0296296;88;0.325925926;118.962963;Calendar Aging of Lithium-Ion Batteries;LFP;Calendar;Keine Angabe
APR18650M1A;1100;40;10;0.953;270.0;0.0174074;51.7;0.191481481;69.89074074;Calendar Aging of Lithium-Ion Batteries;LFP;Calendar;Keine Angabe
APR18650M1A;1100;25;10;0.984;270.0;0.0059259;17.6;0.065185185;23.79259259;Calendar Aging of Lithium-Ion Batteries;LFP;Calendar;Keine Angabe
UR18650E;2050;50;10;0.906;513.6;0.0183040;192.7;0.375231234;136.9594003;A holistic aging model for Li(NiMnCo)O2 based 18650 lithium-ion batteries;NMC;Calendar;Keine Angabe
NCR18650PD;2800;25;20;0.973;288.0;0.0093750;75.6;0.2625;95.8125;Calendar Aging of NCA Lithium-I;NCA;Calendar;Keine Angabe
NCR18650PD;2800;50;20;0.940;285.0;0.0210526;168;0.589473684;215.1578947;Calendar Aging of NCA Lithium-I;NCA;Calendar;Keine Angabe
NCR18650BD;3200;10;20;0.886;3.0;3.7500000;364.8;120;43800;An evaluation study of different modelling techniques for calendar ageing prediction of lithium-ion batteries;NCA;Calendar;Keine Angabe
NCR18650BD;3200;10;20;0.859;73.0;0.1931507;451.2;6.180821918;2256;An evaluation study of different modelling techniques for calendar ageing prediction of lithium-ion batteries;NCA;Calendar;Keine Angabe
NCR18650BD;3200;10;20;0.857;139.0;0.1028777;457.6;3.292086331;1201.611511;An evaluation study of different modelling techniques for calendar ageing prediction of lithium-ion batteries;NCA;Calendar;Keine Angabe
NCR18650BD;3200;10;20;0.847;202.0;0.0757426;489.6;2.423762376;884.6732673;An evaluation study of different modelling techniques for calendar ageing prediction of lithium-ion batteries;NCA;Calendar;Keine Angabe
NCR18650BD;3200;10;20;0.830;297.0;0.0572391;544;1.831649832;668.5521886;An evaluation study of different modelling techniques for calendar ageing prediction of lithium-ion batteries;NCA;Calendar;Keine Angabe
NCR18650BD;3200;10;20;0.832;385.0;0.0436364;537.6;1.396363636;509.6727273;An evaluation study of different modelling techniques for calendar ageing prediction of lithium-ion batteries;NCA;Calendar;Keine Angabe
NCR18650BD;3200;10;20;0.830;435.0;0.0390805;544;1.250574713;456.4597701;An evaluation study of different modelling techniques for calendar ageing prediction of lithium-ion batteries;NCA;Calendar;Keine Angabe
NCR18650BD;3200;25;20;0.836;297.0;0.0552189;524.8;1.767003367;644.956229;An evaluation study of different modelling techniques for calendar ageing prediction of lithium-ion batteries;NCA;Calendar;Keine Angabe
NCR18650BD;3200;25;20;0.835;385.0;0.0428571;528;1.371428571;500.5714286;An evaluation study of different modelling techniques for calendar ageing prediction of lithium-ion batteries;NCA;Calendar;Keine Angabe
NCR18650BD;3200;25;20;0.830;435.0;0.0390805;544;1.250574713;456.4597701;An evaluation study of different modelling techniques for calendar ageing prediction of lithium-ion batteries;NCA;Calendar;Keine Angabe
NCR18650BD;3200;25;20;0.879;3.0;3.9802632;387.2;127.3684211;46489.47368;An evaluation study of different modelling techniques for calendar ageing prediction of lithium-ion batteries;NCA;Calendar;Keine Angabe
NCR18650BD;3200;25;20;0.863;73.0;0.1876712;438.4;6.005479452;2192;An evaluation study of different modelling techniques for calendar ageing prediction of lithium-ion batteries;NCA;Calendar;Keine Angabe
NCR18650BD;3200;25;20;0.859;139.0;0.1014388;451.2;3.246043165;1184.805755;An evaluation study of different modelling techniques for calendar ageing prediction of lithium-ion batteries;NCA;Calendar;Keine Angabe
NCR18650BD;3200;25;20;0.850;202.0;0.0742574;480;2.376237624;867.3267327;An evaluation study of different modelling techniques for calendar ageing prediction of lithium-ion batteries;NCA;Calendar;Keine Angabe
NCR18650BD;3200;45;20;0.876;3.0;4.0789474;396.8;130.5263158;47642.10526;An evaluation study of different modelling techniques for calendar ageing prediction of lithium-ion batteries;NCA;Calendar;Keine Angabe
NCR18650BD;3200;45;20;0.863;73.0;0.1876712;438.4;6.005479452;2192;An evaluation study of different modelling techniques for calendar ageing prediction of lithium-ion batteries;NCA;Calendar;Keine Angabe
NCR18650BD;3200;45;20;0.858;139.0;0.1021583;454.4;3.269064748;1193.208633;An evaluation study of different modelling techniques for calendar ageing prediction of lithium-ion batteries;NCA;Calendar;Keine Angabe
NCR18650BD;3200;45;20;0.838;202.0;0.0801980;518.4;2.566336634;936.7128713;An evaluation study of different modelling techniques for calendar ageing prediction of lithium-ion batteries;NCA;Calendar;Keine Angabe
NCR18650BD;3200;45;20;0.827;297.0;0.0582492;553.6;1.863973064;680.3501684;An evaluation study of different modelling techniques for calendar ageing prediction of lithium-ion batteries;NCA;Calendar;Keine Angabe
NCR18650BD;3200;45;20;0.811;385.0;0.0490909;604.8;1.570909091;573.3818182;An evaluation study of different modelling techniques for calendar ageing prediction of lithium-ion batteries;NCA;Calendar;Keine Angabe
NCR18650BD;3200;45;20;0.826;435.0;0.0400000;556.8;1.28;467.2;An evaluation study of different modelling techniques for calendar ageing prediction of lithium-ion batteries;NCA;Calendar;Keine Angabe
NCR18650PD;2800;50;20;0.940;300.0;0.0200000;168;0.56;204.4;Calendar Aging of Lithium-Ion Batteries;NCA;Calendar;Keine Angabe
NCR18650PD;2800;40;20;0.957;300.0;0.0143333;120.4;0.401333333;146.4866667;Calendar Aging of Lithium-Ion Batteries;NCA;Calendar;Keine Angabe
NCR18650PD;2800;25;20;0.972;300.0;0.0093333;78.4;0.261333333;95.38666667;Calendar Aging of Lithium-Ion Batteries;NCA;Calendar;Keine Angabe
UR18650E;2050;40;20;0.954;300.0;0.0153333;94.3;0.314333333;114.7316667;Calendar Aging of Lithium-Ion Batteries;NMC;Calendar;Keine Angabe
UR18650E;2050;25;20;0.977;300.0;0.0076667;47.15;0.157166667;57.36583333;Calendar Aging of Lithium-Ion Batteries;NMC;Calendar;Keine Angabe
APR18650M1A;1100;50;20;0.911;270.0;0.0329630;97.9;0.362592593;132.3462963;Calendar Aging of Lithium-Ion Batteries;LFP;Calendar;Keine Angabe
APR18650M1A;1100;40;20;0.944;270.0;0.0207407;61.6;0.228148148;83.27407407;Calendar Aging of Lithium-Ion Batteries;LFP;Calendar;Keine Angabe
APR18650M1A;1100;25;20;0.980;270.0;0.0074074;22;0.081481481;29.74074074;Calendar Aging of Lithium-Ion Batteries;LFP;Calendar;Keine Angabe
UR18650E;2050;50;20;0.948;160.5;0.0323967;106.6;0.664133076;242.4085727;A holistic aging model for Li(NiMnCo)O2 based 18650 lithium-ion batteries;NMC;Calendar;Keine Angabe
NCR18650PD;2800;25;30;0.972;288.0;0.0097222;78.4;0.272222222;99.36111111;Calendar Aging of NCA Lithium-I;NCA;Calendar;Keine Angabe
NCR18650PD;2800;50;30;0.932;285.0;0.0238596;190.4;0.668070175;243.845614;Calendar Aging of NCA Lithium-I;NCA;Calendar;Keine Angabe
NCR18650PD;2800;50;30;0.932;300.0;0.0226667;190.4;0.634666667;231.6533333;Calendar Aging of Lithium-Ion Batteries;NCA;Calendar;Keine Angabe
NCR18650PD;2800;40;30;0.954;300.0;0.0153333;128.8;0.429333333;156.7066667;Calendar Aging of Lithium-Ion Batteries;NCA;Calendar;Keine Angabe
NCR18650PD;2800;25;30;0.972;300.0;0.0093333;78.4;0.261333333;95.38666667;Calendar Aging of Lithium-Ion Batteries;NCA;Calendar;Keine Angabe
UR18650E;2050;50;30;0.899;300.0;0.0336667;207.05;0.690166667;251.9108333;Calendar Aging of Lithium-Ion Batteries;NMC;Calendar;Keine Angabe
UR18650E;2050;40;30;0.943;300.0;0.0190000;116.85;0.3895;142.1675;Calendar Aging of Lithium-Ion Batteries;NMC;Calendar;Keine Angabe
UR18650E;2050;25;30;0.975;300.0;0.0083333;51.25;0.170833333;62.35416667;Calendar Aging of Lithium-Ion Batteries;NMC;Calendar;Keine Angabe
APR18650M1A;1100;50;30;0.899;270.0;0.0374074;111.1;0.411481481;150.1907407;Calendar Aging of Lithium-Ion Batteries;LFP;Calendar;Keine Angabe
APR18650M1A;1100;40;30;0.938;270.0;0.0229630;68.2;0.252592593;92.1962963;Calendar Aging of Lithium-Ion Batteries;LFP;Calendar;Keine Angabe
APR18650M1A;1100;25;30;0.973;270.0;0.0100000;29.7;0.11;40.15;Calendar Aging of Lithium-Ion Batteries;LFP;Calendar;Keine Angabe
UR18650E;2050;50;30;0.819;515.3;0.0351259;371.05;0.720079955;262.8291836;A holistic aging model for Li(NiMnCo)O2 based 18650 lithium-ion batteries;NMC;Calendar;Keine Angabe
INR18650-26F;2600;60;38;1.011;30.0;-0.0366667;-28.6;-0.953333333;-347.9666667;Comparative Study on the Calendar Ageing;NMC;Calendar;Keine Angabe
INR18650-26F;2600;60;38;1.004;60.0;-0.0066667;-10.4;-0.173333333;-63.26666667;Comparative Study on the Calendar Ageing;NMC;Calendar;Keine Angabe
INR18650-26F;2600;60;38;1.001;90.0;-0.0011111;-2.6;-0.028888889;-10.54444444;Comparative Study on the Calendar Ageing;NMC;Calendar;Keine Angabe
INR18650-26F;2600;60;38;0.995;120.0;0.0041667;13;0.108333333;39.54166667;Comparative Study on the Calendar Ageing;NMC;Calendar;Keine Angabe
INR18650-25R;2500;60;38;1.015;30.0;-0.0500000;-37.5;-1.25;-456.25;Comparative Study on the Calendar Ageing;NCA;Calendar;Keine Angabe
INR18650-25R;2500;60;38;1.004;60.0;-0.0066667;-10;-0.166666667;-60.83333333;Comparative Study on the Calendar Ageing;NCA;Calendar;Keine Angabe
INR18650-25R;2500;60;38;0.991;90.0;0.0100000;22.5;0.25;91.25;Comparative Study on the Calendar Ageing;NCA;Calendar;Keine Angabe
INR18650-25R;2500;60;38;0.981;120.0;0.0158333;47.5;0.395833333;144.4791667;Comparative Study on the Calendar Ageing;NCA;Calendar;Keine Angabe
UR18650ZY;2600;60;38;1.058;30.0;-0.1933333;-150.8;-5.026666667;-1834.733333;Comparative Study on the Calendar Ageing;LCO;Calendar;Keine Angabe
UR18650ZY;2600;60;38;1.048;60.0;-0.0800000;-124.8;-2.08;-759.2;Comparative Study on the Calendar Ageing;LCO;Calendar;Keine Angabe
UR18650ZY;2600;60;38;1.037;90.0;-0.0411111;-96.2;-1.068888889;-390.1444444;Comparative Study on the Calendar Ageing;LCO;Calendar;Keine Angabe
UR18650ZY;2600;60;38;1.024;120.0;-0.0200000;-62.4;-0.52;-189.8;Comparative Study on the Calendar Ageing;LCO;Calendar;Keine Angabe
NITECORE 2000mAh (?);2000;60;38;1.130;30.0;-0.4333333;-260;-8.666666667;-3163.333333;Comparative Study on the Calendar Ageing;LMO;Calendar;Keine Angabe
NITECORE 2000mAh (?);2000;60;38;1.124;60.0;-0.2066667;-248;-4.133333333;-1508.666667;Comparative Study on the Calendar Ageing;LMO;Calendar;Keine Angabe
NITECORE 2000mAh (?);2000;60;38;1.122;90.0;-0.1355556;-244;-2.711111111;-989.5555556;Comparative Study on the Calendar Ageing;LMO;Calendar;Keine Angabe
NITECORE 2000mAh (?);2000;60;38;1.118;120.0;-0.0983333;-236;-1.966666667;-717.8333333;Comparative Study on the Calendar Ageing;LMO;Calendar;Keine Angabe
INR18650-26F;2600;50;38;1.045;100.0;-0.0450000;-117;-1.17;-427.05;Comparative Study on the Calendar Ageing;NMC;Calendar;Keine Angabe
INR18650-26F;2600;50;38;1.039;150.0;-0.0260000;-101.4;-0.676;-246.74;Comparative Study on the Calendar Ageing;NMC;Calendar;Keine Angabe
INR18650-25R;2500;50;38;1.122;100.0;-0.1220000;-305;-3.05;-1113.25;Comparative Study on the Calendar Ageing;NCA;Calendar;Keine Angabe
INR18650-25R;2500;50;38;1.122;150.0;-0.0813333;-305;-2.033333333;-742.1666667;Comparative Study on the Calendar Ageing;NCA;Calendar;Keine Angabe
UR18650ZY;2600;50;38;1.155;100.0;-0.1550000;-403;-4.03;-1470.95;Comparative Study on the Calendar Ageing;LCO;Calendar;Keine Angabe
UR18650ZY;2600;50;38;1.172;150.0;-0.1146667;-447.2;-2.981333333;-1088.186667;Comparative Study on the Calendar Ageing;LCO;Calendar;Keine Angabe
NITECORE 2000mAh (?);2000;50;38;1.260;100.0;-0.2600000;-520;-5.2;-1898;Comparative Study on the Calendar Ageing;LMO;Calendar;Keine Angabe
NITECORE 2000mAh (?);2000;50;38;1.253;150.0;-0.1686667;-506;-3.373333333;-1231.266667;Comparative Study on the Calendar Ageing;LMO;Calendar;Keine Angabe
NCR18650PD;2800;25;40;0.972;288.0;0.0097222;78.4;0.272222222;99.36111111;Calendar Aging of NCA Lithium-I;NCA;Calendar;Keine Angabe
NCR18650PD;2800;50;40;0.932;285.0;0.0238596;190.4;0.668070175;243.845614;Calendar Aging of NCA Lithium-I;NCA;Calendar;Keine Angabe
NCR18650PD;2800;50;40;0.930;300.0;0.0233333;196;0.653333333;238.4666667;Calendar Aging of Lithium-Ion Batteries;NCA;Calendar;Keine Angabe
NCR18650PD;2800;40;40;0.950;300.0;0.0166667;140;0.466666667;170.3333333;Calendar Aging of Lithium-Ion Batteries;NCA;Calendar;Keine Angabe
NCR18650PD;2800;25;40;0.974;300.0;0.0086667;72.8;0.242666667;88.57333333;Calendar Aging of Lithium-Ion Batteries;NCA;Calendar;Keine Angabe
UR18650E;2050;50;40;0.886;300.0;0.0380000;233.7;0.779;284.335;Calendar Aging of Lithium-Ion Batteries;NMC;Calendar;Keine Angabe
UR18650E;2050;40;40;0.938;300.0;0.0206667;127.1;0.423666667;154.6383333;Calendar Aging of Lithium-Ion Batteries;NMC;Calendar;Keine Angabe
UR18650E;2050;25;40;0.974;300.0;0.0086667;53.3;0.177666667;64.84833333;Calendar Aging of Lithium-Ion Batteries;NMC;Calendar;Keine Angabe
APR18650M1A;1100;50;40;0.883;270.0;0.0433333;128.7;0.476666667;173.9833333;Calendar Aging of Lithium-Ion Batteries;LFP;Calendar;Keine Angabe
APR18650M1A;1100;40;40;0.929;270.0;0.0262963;78.1;0.289259259;105.5796296;Calendar Aging of Lithium-Ion Batteries;LFP;Calendar;Keine Angabe
APR18650M1A;1100;25;40;0.970;270.0;0.0111111;33;0.122222222;44.61111111;Calendar Aging of Lithium-Ion Batteries;LFP;Calendar;Keine Angabe
UR18650E;2050;50;40;0.816;516.0;0.0356624;377.2;0.731078593;266.8436864;A holistic aging model for Li(NiMnCo)O2 based 18650 lithium-ion batteries;NMC;Calendar;Keine Angabe
NCR18650PD;2800;25;45;0.971;288.0;0.0100694;81.2;0.281944444;102.9097222;Calendar Aging of NCA Lithium-I;NCA;Calendar;Keine Angabe
NCR18650PD;2800;50;45;0.928;285.0;0.0252632;201.6;0.707368421;258.1894737;Calendar Aging of NCA Lithium-I;NCA;Calendar;Keine Angabe
NCR18650PD;2800;50;45;0.927;300.0;0.0243333;204.4;0.681333333;248.6866667;Calendar Aging of Lithium-Ion Batteries;NCA;Calendar;Keine Angabe
NCR18650PD;2800;40;45;0.950;300.0;0.0166667;140;0.466666667;170.3333333;Calendar Aging of Lithium-Ion Batteries;NCA;Calendar;Keine Angabe
NCR18650PD;2800;25;45;0.971;300.0;0.0096667;81.2;0.270666667;98.79333333;Calendar Aging of Lithium-Ion Batteries;NCA;Calendar;Keine Angabe
UR18650E;2050;40;45;0.934;300.0;0.0220000;135.3;0.451;164.615;Calendar Aging of Lithium-Ion Batteries;NMC;Calendar;Keine Angabe
UR18650E;2050;25;45;0.972;300.0;0.0093333;57.4;0.191333333;69.83666667;Calendar Aging of Lithium-Ion Batteries;NMC;Calendar;Keine Angabe
APR18650M1A;1100;40;45;0.925;270.0;0.0277778;82.5;0.305555556;111.5277778;Calendar Aging of Lithium-Ion Batteries;LFP;Calendar;Keine Angabe
APR18650M1A;1100;25;45;0.971;270.0;0.0107407;31.9;0.118148148;43.12407407;Calendar Aging of Lithium-Ion Batteries;LFP;Calendar;Keine Angabe
NCR18650PD;2800;25;50;0.970;288.0;0.0104167;84;0.291666667;106.4583333;Calendar Aging of NCA Lithium-I;NCA;Calendar;Keine Angabe
NCR18650PD;2800;50;50;0.927;285.0;0.0256140;204.4;0.717192982;261.7754386;Calendar Aging of NCA Lithium-I;NCA;Calendar;Keine Angabe
NCR18650BD;3200;10;50;0.886;3.0;3.7500000;364.8;120;43800;An evaluation study of different modelling techniques for calendar ageing prediction of lithium-ion batteries;NCA;Calendar;Keine Angabe
NCR18650BD;3200;10;50;0.862;73.0;0.1890411;441.6;6.049315068;2208;An evaluation study of different modelling techniques for calendar ageing prediction of lithium-ion batteries;NCA;Calendar;Keine Angabe
NCR18650BD;3200;10;50;0.861;139.0;0.1000000;444.8;3.2;1168;An evaluation study of different modelling techniques for calendar ageing prediction of lithium-ion batteries;NCA;Calendar;Keine Angabe
NCR18650BD;3200;10;50;0.854;202.0;0.0722772;467.2;2.312871287;844.1980198;An evaluation study of different modelling techniques for calendar ageing prediction of lithium-ion batteries;NCA;Calendar;Keine Angabe
NCR18650BD;3200;10;50;0.838;297.0;0.0545455;518.4;1.745454545;637.0909091;An evaluation study of different modelling techniques for calendar ageing prediction of lithium-ion batteries;NCA;Calendar;Keine Angabe
NCR18650BD;3200;10;50;0.832;385.0;0.0436364;537.6;1.396363636;509.6727273;An evaluation study of different modelling techniques for calendar ageing prediction of lithium-ion batteries;NCA;Calendar;Keine Angabe
NCR18650BD;3200;10;50;0.837;435.0;0.0374713;521.6;1.19908046;437.6643678;An evaluation study of different modelling techniques for calendar ageing prediction of lithium-ion batteries;NCA;Calendar;Keine Angabe
NCR18650BD;3200;25;50;0.877;3.0;4.0460526;393.6;129.4736842;47257.89474;An evaluation study of different modelling techniques for calendar ageing prediction of lithium-ion batteries;NCA;Calendar;Keine Angabe
NCR18650BD;3200;25;50;0.862;73.0;0.1890411;441.6;6.049315068;2208;An evaluation study of different modelling techniques for calendar ageing prediction of lithium-ion batteries;NCA;Calendar;Keine Angabe
NCR18650BD;3200;25;50;0.862;139.0;0.0992806;441.6;3.176978417;1159.597122;An evaluation study of different modelling techniques for calendar ageing prediction of lithium-ion batteries;NCA;Calendar;Keine Angabe
NCR18650BD;3200;25;50;0.846;202.0;0.0762376;492.8;2.43960396;890.4554455;An evaluation study of different modelling techniques for calendar ageing prediction of lithium-ion batteries;NCA;Calendar;Keine Angabe
NCR18650BD;3200;25;50;0.838;297.0;0.0545455;518.4;1.745454545;637.0909091;An evaluation study of different modelling techniques for calendar ageing prediction of lithium-ion batteries;NCA;Calendar;Keine Angabe
NCR18650BD;3200;25;50;0.828;385.0;0.0446753;550.4;1.42961039;521.8077922;An evaluation study of different modelling techniques for calendar ageing prediction of lithium-ion batteries;NCA;Calendar;Keine Angabe
NCR18650BD;3200;25;50;0.836;435.0;0.0377011;524.8;1.206436782;440.3494253;An evaluation study of different modelling techniques for calendar ageing prediction of lithium-ion batteries;NCA;Calendar;Keine Angabe
NCR18650BD;3200;45;50;0.889;3.0;3.6513158;355.2;116.8421053;42647.36842;An evaluation study of different modelling techniques for calendar ageing prediction of lithium-ion batteries;NCA;Calendar;Keine Angabe
NCR18650BD;3200;45;50;0.858;73.0;0.1945205;454.4;6.224657534;2272;An evaluation study of different modelling techniques for calendar ageing prediction of lithium-ion batteries;NCA;Calendar;Keine Angabe
NCR18650BD;3200;45;50;0.853;139.0;0.1057554;470.4;3.384172662;1235.223022;An evaluation study of different modelling techniques for calendar ageing prediction of lithium-ion batteries;NCA;Calendar;Keine Angabe
NCR18650BD;3200;45;50;0.838;202.0;0.0801980;518.4;2.566336634;936.7128713;An evaluation study of different modelling techniques for calendar ageing prediction of lithium-ion batteries;NCA;Calendar;Keine Angabe
NCR18650BD;3200;45;50;0.829;297.0;0.0575758;547.2;1.842424242;672.4848485;An evaluation study of different modelling techniques for calendar ageing prediction of lithium-ion batteries;NCA;Calendar;Keine Angabe
NCR18650BD;3200;45;50;0.819;385.0;0.0470130;579.2;1.504415584;549.1116883;An evaluation study of different modelling techniques for calendar ageing prediction of lithium-ion batteries;NCA;Calendar;Keine Angabe
NCR18650BD;3200;45;50;0.823;435.0;0.0406897;566.4;1.302068966;475.2551724;An evaluation study of different modelling techniques for calendar ageing prediction of lithium-ion batteries;NCA;Calendar;Keine Angabe
NCR18650PD;2800;50;50;0.928;300.0;0.0240000;201.6;0.672;245.28;Calendar Aging of Lithium-Ion Batteries;NCA;Calendar;Keine Angabe
NCR18650PD;2800;40;50;0.950;300.0;0.0166667;140;0.466666667;170.3333333;Calendar Aging of Lithium-Ion Batteries;NCA;Calendar;Keine Angabe
NCR18650PD;2800;25;50;0.971;300.0;0.0096667;81.2;0.270666667;98.79333333;Calendar Aging of Lithium-Ion Batteries;NCA;Calendar;Keine Angabe
UR18650E;2050;50;50;0.878;300.0;0.0406667;250.1;0.833666667;304.2883333;Calendar Aging of Lithium-Ion Batteries;NMC;Calendar;Keine Angabe
UR18650E;2050;40;50;0.933;300.0;0.0223333;137.35;0.457833333;167.1091667;Calendar Aging of Lithium-Ion Batteries;NMC;Calendar;Keine Angabe
UR18650E;2050;25;50;0.972;300.0;0.0093333;57.4;0.191333333;69.83666667;Calendar Aging of Lithium-Ion Batteries;NMC;Calendar;Keine Angabe
APR18650M1A;1100;50;50;0.883;270.0;0.0433333;128.7;0.476666667;173.9833333;Calendar Aging of Lithium-Ion Batteries;LFP;Calendar;Keine Angabe
APR18650M1A;1100;40;50;0.933;270.0;0.0248148;73.7;0.272962963;99.63148148;Calendar Aging of Lithium-Ion Batteries;LFP;Calendar;Keine Angabe
APR18650M1A;1100;25;50;0.971;270.0;0.0107407;31.9;0.118148148;43.12407407;Calendar Aging of Lithium-Ion Batteries;LFP;Calendar;Keine Angabe
UR18650E;2050;50;50;0.903;161.7;0.0599839;198.85;1.229670398;448.8296951;A holistic aging model for Li(NiMnCo)O2 based 18650 lithium-ion batteries;NMC;Calendar;Keine Angabe
NCR18650PD;2800;25;55;0.968;288.0;0.0111111;89.6;0.311111111;113.5555556;Calendar Aging of NCA Lithium-I;NCA;Calendar;Keine Angabe
NCR18650PD;2800;50;55;0.925;285.0;0.0263158;210;0.736842105;268.9473684;Calendar Aging of NCA Lithium-I;NCA;Calendar;Keine Angabe
NCR18650PD;2800;50;55;0.926;300.0;0.0246667;207.2;0.690666667;252.0933333;Calendar Aging of Lithium-Ion Batteries;NCA;Calendar;Keine Angabe
NCR18650PD;2800;40;55;0.946;300.0;0.0180000;151.2;0.504;183.96;Calendar Aging of Lithium-Ion Batteries;NCA;Calendar;Keine Angabe
NCR18650PD;2800;25;55;0.969;300.0;0.0103333;86.8;0.289333333;105.6066667;Calendar Aging of Lithium-Ion Batteries;NCA;Calendar;Keine Angabe
UR18650E;2050;40;55;0.933;300.0;0.0223333;137.35;0.457833333;167.1091667;Calendar Aging of Lithium-Ion Batteries;NMC;Calendar;Keine Angabe
UR18650E;2050;25;55;0.971;300.0;0.0096667;59.45;0.198166667;72.33083333;Calendar Aging of Lithium-Ion Batteries;NMC;Calendar;Keine Angabe
APR18650M1A;1100;50;55;0.882;270.0;0.0437037;129.8;0.480740741;175.4703704;Calendar Aging of Lithium-Ion Batteries;LFP;Calendar;Keine Angabe
APR18650M1A;1100;40;55;0.928;270.0;0.0266667;79.2;0.293333333;107.0666667;Calendar Aging of Lithium-Ion Batteries;LFP;Calendar;Keine Angabe
APR18650M1A;1100;25;55;0.972;270.0;0.0103704;30.8;0.114074074;41.63703704;Calendar Aging of Lithium-Ion Batteries;LFP;Calendar;Keine Angabe
NCR18650PD;2800;25;60;0.951;288.0;0.0170139;137.2;0.476388889;173.8819444;Calendar Aging of NCA Lithium-I;NCA;Calendar;Keine Angabe
NCR18650PD;2800;50;60;0.914;285.0;0.0301754;240.8;0.844912281;308.3929825;Calendar Aging of NCA Lithium-I;NCA;Calendar;Keine Angabe
NCR18650PD;2800;50;60;0.916;300.0;0.0280000;235.2;0.784;286.16;Calendar Aging of Lithium-Ion Batteries;NCA;Calendar;Keine Angabe
NCR18650PD;2800;40;60;0.936;300.0;0.0213333;179.2;0.597333333;218.0266667;Calendar Aging of Lithium-Ion Batteries;NCA;Calendar;Keine Angabe
NCR18650PD;2800;25;60;0.954;300.0;0.0153333;128.8;0.429333333;156.7066667;Calendar Aging of Lithium-Ion Batteries;NCA;Calendar;Keine Angabe
UR18650E;2050;50;60;0.875;300.0;0.0416667;256.25;0.854166667;311.7708333;Calendar Aging of Lithium-Ion Batteries;NMC;Calendar;Keine Angabe
UR18650E;2050;40;60;0.932;300.0;0.0226667;139.4;0.464666667;169.6033333;Calendar Aging of Lithium-Ion Batteries;NMC;Calendar;Keine Angabe
UR18650E;2050;25;60;0.969;300.0;0.0103333;63.55;0.211833333;77.31916667;Calendar Aging of Lithium-Ion Batteries;NMC;Calendar;Keine Angabe
APR18650M1A;1100;50;60;0.884;270.0;0.0429630;127.6;0.472592593;172.4962963;Calendar Aging of Lithium-Ion Batteries;LFP;Calendar;Keine Angabe
APR18650M1A;1100;40;60;0.928;270.0;0.0266667;79.2;0.293333333;107.0666667;Calendar Aging of Lithium-Ion Batteries;LFP;Calendar;Keine Angabe
APR18650M1A;1100;25;60;0.968;270.0;0.0118519;35.2;0.13037037;47.58518519;Calendar Aging of Lithium-Ion Batteries;LFP;Calendar;Keine Angabe
UR18650E;2050;50;60;0.775;517.2;0.0435060;461.25;0.891873078;325.5336736;A holistic aging model for Li(NiMnCo)O2 based 18650 lithium-ion batteries;NMC;Calendar;Keine Angabe
NCR18650PD;2800;25;65;0.949;288.0;0.0177083;142.8;0.495833333;180.9791667;Calendar Aging of NCA Lithium-I;NCA;Calendar;Keine Angabe
NCR18650PD;2800;50;65;0.896;285.0;0.0364912;291.2;1.021754386;372.9403509;Calendar Aging of NCA Lithium-I;NCA;Calendar;Keine Angabe
NCR18650PD;2800;50;65;0.899;300.0;0.0336667;282.8;0.942666667;344.0733333;Calendar Aging of Lithium-Ion Batteries;NCA;Calendar;Keine Angabe
NCR18650PD;2800;40;65;0.923;300.0;0.0256667;215.6;0.718666667;262.3133333;Calendar Aging of Lithium-Ion Batteries;NCA;Calendar;Keine Angabe
NCR18650PD;2800;25;65;0.951;300.0;0.0163333;137.2;0.457333333;166.9266667;Calendar Aging of Lithium-Ion Batteries;NCA;Calendar;Keine Angabe
UR18650E;2050;50;65;0.875;300.0;0.0416667;256.25;0.854166667;311.7708333;Calendar Aging of Lithium-Ion Batteries;NMC;Calendar;Keine Angabe
UR18650E;2050;40;65;0.922;300.0;0.0260000;159.9;0.533;194.545;Calendar Aging of Lithium-Ion Batteries;NMC;Calendar;Keine Angabe
UR18650E;2050;25;65;0.956;300.0;0.0146667;90.2;0.300666667;109.7433333;Calendar Aging of Lithium-Ion Batteries;NMC;Calendar;Keine Angabe
APR18650M1A;1100;50;65;0.881;270.0;0.0440741;130.9;0.484814815;176.9574074;Calendar Aging of Lithium-Ion Batteries;LFP;Calendar;Keine Angabe
APR18650M1A;1100;40;65;0.928;270.0;0.0266667;79.2;0.293333333;107.0666667;Calendar Aging of Lithium-Ion Batteries;LFP;Calendar;Keine Angabe
APR18650M1A;1100;25;65;0.967;270.0;0.0122222;36.3;0.134444444;49.07222222;Calendar Aging of Lithium-Ion Batteries;LFP;Calendar;Keine Angabe
NCR18650PD;2800;25;70;0.948;288.0;0.0180556;145.6;0.505555556;184.5277778;Calendar Aging of NCA Lithium-I;NCA;Calendar;Keine Angabe
NCR18650PD;2800;50;70;0.893;285.0;0.0375439;299.6;1.05122807;383.6982456;Calendar Aging of NCA Lithium-I;NCA;Calendar;Keine Angabe
NCR18650PD;2800;50;70;0.894;300.0;0.0353333;296.8;0.989333333;361.1066667;Calendar Aging of Lithium-Ion Batteries;NCA;Calendar;Keine Angabe
NCR18650PD;2800;40;70;0.922;300.0;0.0260000;218.4;0.728;265.72;Calendar Aging of Lithium-Ion Batteries;NCA;Calendar;Keine Angabe
NCR18650PD;2800;25;70;0.950;300.0;0.0166667;140;0.466666667;170.3333333;Calendar Aging of Lithium-Ion Batteries;NCA;Calendar;Keine Angabe
UR18650E;2050;50;70;0.856;300.0;0.0480000;295.2;0.984;359.16;Calendar Aging of Lithium-Ion Batteries;NMC;Calendar;Keine Angabe
UR18650E;2050;40;70;0.899;300.0;0.0336667;207.05;0.690166667;251.9108333;Calendar Aging of Lithium-Ion Batteries;NMC;Calendar;Keine Angabe
UR18650E;2050;25;70;0.946;300.0;0.0180000;110.7;0.369;134.685;Calendar Aging of Lithium-Ion Batteries;NMC;Calendar;Keine Angabe
APR18650M1A;1100;50;70;0.884;270.0;0.0429630;127.6;0.472592593;172.4962963;Calendar Aging of Lithium-Ion Batteries;LFP;Calendar;Keine Angabe
APR18650M1A;1100;40;70;0.924;270.0;0.0281481;83.6;0.30962963;113.0148148;Calendar Aging of Lithium-Ion Batteries;LFP;Calendar;Keine Angabe
APR18650M1A;1100;25;70;0.965;270.0;0.0129630;38.5;0.142592593;52.0462963;Calendar Aging of Lithium-Ion Batteries;LFP;Calendar;Keine Angabe
NCR18650PD;2800;25;80;0.949;288.0;0.0177083;142.8;0.495833333;180.9791667;Calendar Aging of NCA Lithium-I;NCA;Calendar;Keine Angabe
NCR18650PD;2800;50;80;0.892;285.0;0.0378947;302.4;1.061052632;387.2842105;Calendar Aging of NCA Lithium-I;NCA;Calendar;Keine Angabe
NCR18650PD;2800;40;80;0.918;300.0;0.0273333;229.6;0.765333333;279.3466667;Calendar Aging of Lithium-Ion Batteries;NCA;Calendar;Keine Angabe
NCR18650PD;2800;25;80;0.949;300.0;0.0170000;142.8;0.476;173.74;Calendar Aging of Lithium-Ion Batteries;NCA;Calendar;Keine Angabe
UR18650E;2050;50;80;0.825;300.0;0.0583333;358.75;1.195833333;436.4791667;Calendar Aging of Lithium-Ion Batteries;NMC;Calendar;Keine Angabe
UR18650E;2050;40;80;0.891;300.0;0.0363333;223.45;0.744833333;271.8641667;Calendar Aging of Lithium-Ion Batteries;NMC;Calendar;Keine Angabe
UR18650E;2050;25;80;0.945;300.0;0.0183333;112.75;0.375833333;137.1791667;Calendar Aging of Lithium-Ion Batteries;NMC;Calendar;Keine Angabe
APR18650M1A;1100;50;80;0.867;270.0;0.0492593;146.3;0.541851852;197.7759259;Calendar Aging of Lithium-Ion Batteries;LFP;Calendar;Keine Angabe
APR18650M1A;1100;40;80;0.903;270.0;0.0359259;106.7;0.395185185;144.2425926;Calendar Aging of Lithium-Ion Batteries;LFP;Calendar;Keine Angabe
APR18650M1A;1100;25;80;0.942;270.0;0.0214815;63.8;0.236296296;86.24814815;Calendar Aging of Lithium-Ion Batteries;LFP;Calendar;Keine Angabe
UR18650E;2050;50;80;0.761;406.2;0.0588438;489.95;1.206298011;440.2987739;A holistic aging model for Li(NiMnCo)O2 based 18650 lithium-ion batteries;NMC;Calendar;Keine Angabe
UR18650E;2050;50;85;0.751;407.5;0.0611073;510.45;1.252699519;457.2353244;A holistic aging model for Li(NiMnCo)O2 based 18650 lithium-ion batteries;NMC;Calendar;Keine Angabe
NCR18650PD;2800;25;90;0.946;288.0;0.0187500;151.2;0.525;191.625;Calendar Aging of NCA Lithium-I;NCA;Calendar;Keine Angabe
NCR18650PD;2800;50;90;0.887;285.0;0.0396491;316.4;1.110175439;405.2140351;Calendar Aging of NCA Lithium-I;NCA;Calendar;Keine Angabe
NCR18650BD;3200;10;90;0.891;3.0;3.5855263;348.8;114.7368421;41878.94737;An evaluation study of different modelling techniques for calendar ageing prediction of lithium-ion batteries;NCA;Calendar;Keine Angabe
NCR18650BD;3200;10;90;0.849;73.0;0.2068493;483.2;6.619178082;2416;An evaluation study of different modelling techniques for calendar ageing prediction of lithium-ion batteries;NCA;Calendar;Keine Angabe
NCR18650BD;3200;10;90;0.844;139.0;0.1122302;499.2;3.591366906;1310.848921;An evaluation study of different modelling techniques for calendar ageing prediction of lithium-ion batteries;NCA;Calendar;Keine Angabe
NCR18650BD;3200;10;90;0.826;202.0;0.0861386;556.8;2.756435644;1006.09901;An evaluation study of different modelling techniques for calendar ageing prediction of lithium-ion batteries;NCA;Calendar;Keine Angabe
NCR18650BD;3200;10;90;0.835;297.0;0.0555556;528;1.777777778;648.8888889;An evaluation study of different modelling techniques for calendar ageing prediction of lithium-ion batteries;NCA;Calendar;Keine Angabe
NCR18650BD;3200;10;90;0.817;385.0;0.0475325;585.6;1.521038961;555.1792208;An evaluation study of different modelling techniques for calendar ageing prediction of lithium-ion batteries;NCA;Calendar;Keine Angabe
NCR18650BD;3200;10;90;0.820;435.0;0.0413793;576;1.324137931;483.3103448;An evaluation study of different modelling techniques for calendar ageing prediction of lithium-ion batteries;NCA;Calendar;Keine Angabe
NCR18650BD;3200;45;90;0.873;3.0;4.1776316;406.4;133.6842105;48794.73684;An evaluation study of different modelling techniques for calendar ageing prediction of lithium-ion batteries;NCA;Calendar;Keine Angabe
NCR18650BD;3200;45;90;0.832;73.0;0.2301370;537.6;7.364383562;2688;An evaluation study of different modelling techniques for calendar ageing prediction of lithium-ion batteries;NCA;Calendar;Keine Angabe
NCR18650BD;3200;45;90;0.836;139.0;0.1179856;524.8;3.775539568;1378.071942;An evaluation study of different modelling techniques for calendar ageing prediction of lithium-ion batteries;NCA;Calendar;Keine Angabe
NCR18650BD;3200;45;90;0.826;202.0;0.0861386;556.8;2.756435644;1006.09901;An evaluation study of different modelling techniques for calendar ageing prediction of lithium-ion batteries;NCA;Calendar;Keine Angabe
NCR18650BD;3200;45;90;0.812;297.0;0.0632997;601.6;2.025589226;739.3400673;An evaluation study of different modelling techniques for calendar ageing prediction of lithium-ion batteries;NCA;Calendar;Keine Angabe
NCR18650BD;3200;45;90;0.812;385.0;0.0488312;601.6;1.562597403;570.3480519;An evaluation study of different modelling techniques for calendar ageing prediction of lithium-ion batteries;NCA;Calendar;Keine Angabe
NCR18650BD;3200;45;90;0.816;435.0;0.0422989;588.8;1.353563218;494.0505747;An evaluation study of different modelling techniques for calendar ageing prediction of lithium-ion batteries;NCA;Calendar;Keine Angabe
NCR18650BD;3200;25;90;0.885;3.0;3.7828947;368;121.0526316;44184.21053;An evaluation study of different modelling techniques for calendar ageing prediction of lithium-ion batteries;NCA;Calendar;Keine Angabe
NCR18650BD;3200;25;90;0.843;73.0;0.2150685;502.4;6.882191781;2512;An evaluation study of different modelling techniques for calendar ageing prediction of lithium-ion batteries;NCA;Calendar;Keine Angabe
NCR18650BD;3200;25;90;0.819;139.0;0.1302158;579.2;4.166906475;1520.920863;An evaluation study of different modelling techniques for calendar ageing prediction of lithium-ion batteries;NCA;Calendar;Keine Angabe
NCR18650BD;3200;25;90;0.819;202.0;0.0896040;579.2;2.867326733;1046.574257;An evaluation study of different modelling techniques for calendar ageing prediction of lithium-ion batteries;NCA;Calendar;Keine Angabe
NCR18650BD;3200;25;90;0.804;297.0;0.0659933;627.2;2.111784512;770.8013468;An evaluation study of different modelling techniques for calendar ageing prediction of lithium-ion batteries;NCA;Calendar;Keine Angabe
NCR18650BD;3200;25;90;0.799;385.0;0.0522078;643.2;1.670649351;609.787013;An evaluation study of different modelling techniques for calendar ageing prediction of lithium-ion batteries;NCA;Calendar;Keine Angabe
NCR18650BD;3200;25;90;0.792;435.0;0.0478161;665.6;1.530114943;558.491954;An evaluation study of different modelling techniques for calendar ageing prediction of lithium-ion batteries;NCA;Calendar;Keine Angabe
NCR18650PD;2800;50;90;0.887;300.0;0.0376667;316.4;1.054666667;384.9533333;Calendar Aging of Lithium-Ion Batteries;NCA;Calendar;Keine Angabe
NCR18650PD;2800;40;90;0.913;300.0;0.0290000;243.6;0.812;296.38;Calendar Aging of Lithium-Ion Batteries;NCA;Calendar;Keine Angabe
NCR18650PD;2800;25;90;0.947;300.0;0.0176667;148.4;0.494666667;180.5533333;Calendar Aging of Lithium-Ion Batteries;NCA;Calendar;Keine Angabe
UR18650E;2050;40;90;0.889;300.0;0.0370000;227.55;0.7585;276.8525;Calendar Aging of Lithium-Ion Batteries;NMC;Calendar;Keine Angabe
UR18650E;2050;25;90;0.943;300.0;0.0190000;116.85;0.3895;142.1675;Calendar Aging of Lithium-Ion Batteries;NMC;Calendar;Keine Angabe
APR18650M1A;1100;50;90;0.860;270.0;0.0518519;154;0.57037037;208.1851852;Calendar Aging of Lithium-Ion Batteries;LFP;Calendar;Keine Angabe
APR18650M1A;1100;40;90;0.896;270.0;0.0385185;114.4;0.423703704;154.6518519;Calendar Aging of Lithium-Ion Batteries;LFP;Calendar;Keine Angabe
APR18650M1A;1100;25;90;0.942;270.0;0.0214815;63.8;0.236296296;86.24814815;Calendar Aging of Lithium-Ion Batteries;LFP;Calendar;Keine Angabe
UR18650E;2050;50;90;0.755;346.6;0.0706867;502.25;1.449076746;528.9130121;A holistic aging model for Li(NiMnCo)O2 based 18650 lithium-ion batteries;NMC;Calendar;Keine Angabe
NCR18650PD;2800;25;95;0.944;288.0;0.0194444;156.8;0.544444444;198.7222222;Calendar Aging of NCA Lithium-I;NCA;Calendar;Keine Angabe
NCR18650PD;2800;50;95;0.884;285.0;0.0407018;324.8;1.139649123;415.9719298;Calendar Aging of NCA Lithium-I;NCA;Calendar;Keine Angabe
NCR18650PD;2800;50;95;0.882;300.0;0.0393333;330.4;1.101333333;401.9866667;Calendar Aging of Lithium-Ion Batteries;NCA;Calendar;Keine Angabe
NCR18650PD;2800;40;95;0.908;300.0;0.0306667;257.6;0.858666667;313.4133333;Calendar Aging of Lithium-Ion Batteries;NCA;Calendar;Keine Angabe
NCR18650PD;2800;25;95;0.947;300.0;0.0176667;148.4;0.494666667;180.5533333;Calendar Aging of Lithium-Ion Batteries;NCA;Calendar;Keine Angabe
UR18650E;2050;50;95;0.827;300.0;0.0576667;354.65;1.182166667;431.4908333;Calendar Aging of Lithium-Ion Batteries;NMC;Calendar;Keine Angabe
UR18650E;2050;40;95;0.896;300.0;0.0346667;213.2;0.710666667;259.3933333;Calendar Aging of Lithium-Ion Batteries;NMC;Calendar;Keine Angabe
UR18650E;2050;25;95;0.940;300.0;0.0200000;123;0.41;149.65;Calendar Aging of Lithium-Ion Batteries;NMC;Calendar;Keine Angabe
APR18650M1A;1100;50;95;0.857;270.0;0.0529630;157.3;0.582592593;212.6462963;Calendar Aging of Lithium-Ion Batteries;LFP;Calendar;Keine Angabe
APR18650M1A;1100;40;95;0.899;270.0;0.0374074;111.1;0.411481481;150.1907407;Calendar Aging of Lithium-Ion Batteries;LFP;Calendar;Keine Angabe
APR18650M1A;1100;25;95;0.945;270.0;0.0203704;60.5;0.224074074;81.78703704;Calendar Aging of Lithium-Ion Batteries;LFP;Calendar;Keine Angabe
UR18650E;2050;50;95;0.747;346.6;0.0730011;518.65;1.496523069;546.2309202;A holistic aging model for Li(NiMnCo)O2 based 18650 lithium-ion batteries;NMC;Calendar;Keine Angabe
NCR18650PD;2800;25;100;0.943;288.0;0.0197917;159.6;0.554166667;202.2708333;Calendar Aging of NCA Lithium-I;NCA;Calendar;Keine Angabe
NCR18650PD;2800;50;100;0.876;285.0;0.0435088;347.2;1.218245614;444.6596491;Calendar Aging of NCA Lithium-I;NCA;Calendar;Keine Angabe
NCR18650PD;2800;50;100;0.874;300.0;0.0420000;352.8;1.176;429.24;Calendar Aging of Lithium-Ion Batteries;NCA;Calendar;Keine Angabe
NCR18650PD;2800;40;100;0.908;300.0;0.0306667;257.6;0.858666667;313.4133333;Calendar Aging of Lithium-Ion Batteries;NCA;Calendar;Keine Angabe
NCR18650PD;2800;25;100;0.944;300.0;0.0186667;156.8;0.522666667;190.7733333;Calendar Aging of Lithium-Ion Batteries;NCA;Calendar;Keine Angabe
UR18650E;2050;50;100;0.766;300.0;0.0780000;479.7;1.599;583.635;Calendar Aging of Lithium-Ion Batteries;NMC;Calendar;Keine Angabe
UR18650E;2050;40;100;0.813;300.0;0.0623333;383.35;1.277833333;466.4091667;Calendar Aging of Lithium-Ion Batteries;NMC;Calendar;Keine Angabe
UR18650E;2050;25;100;0.934;300.0;0.0220000;135.3;0.451;164.615;Calendar Aging of Lithium-Ion Batteries;NMC;Calendar;Keine Angabe
APR18650M1A;1100;50;100;0.852;270.0;0.0548148;162.8;0.602962963;220.0814815;Calendar Aging of Lithium-Ion Batteries;LFP;Calendar;Keine Angabe
APR18650M1A;1100;40;100;0.904;270.0;0.0355556;105.6;0.391111111;142.7555556;Calendar Aging of Lithium-Ion Batteries;LFP;Calendar;Keine Angabe
APR18650M1A;1100;25;100;0.943;270.0;0.0211111;62.7;0.232222222;84.76111111;Calendar Aging of Lithium-Ion Batteries;LFP;Calendar;Keine Angabe
INR18650-26F;2600;60;100;1.023;0.0;0.0000000;-59.8;0;0;Comparative Study on the Calendar Ageing;NMC;Calendar;Keine Angabe
INR18650-26F;2600;60;100;0.949;30.0;0.1700000;132.6;4.42;1613.3;Comparative Study on the Calendar Ageing;NMC;Calendar;Keine Angabe
INR18650-26F;2600;60;100;0.883;60.0;0.1950000;304.2;5.07;1850.55;Comparative Study on the Calendar Ageing;NMC;Calendar;Keine Angabe
INR18650-26F;2600;60;100;0.723;90.0;0.3077778;720.2;8.002222222;2920.811111;Comparative Study on the Calendar Ageing;NMC;Calendar;Keine Angabe
INR18650-25R;2500;60;100;1.045;0.0;0.0000000;-112.5;0;0;Comparative Study on the Calendar Ageing;NCA;Calendar;Keine Angabe
INR18650-25R;2500;60;100;0.961;30.0;0.1300000;97.5;3.25;1186.25;Comparative Study on the Calendar Ageing;NCA;Calendar;Keine Angabe
INR18650-25R;2500;60;100;0.942;60.0;0.0966667;145;2.416666667;882.0833333;Comparative Study on the Calendar Ageing;NCA;Calendar;Keine Angabe
INR18650-25R;2500;60;100;0.928;90.0;0.0800000;180;2;730;Comparative Study on the Calendar Ageing;NCA;Calendar;Keine Angabe
INR18650-25R;2500;60;100;0.744;120.0;0.2133333;640;5.333333333;1946.666667;Comparative Study on the Calendar Ageing;NCA;Calendar;Keine Angabe
UR18650ZY;2600;60;100;1.065;0.0;0.0000000;-169;0;0;Comparative Study on the Calendar Ageing;LCO;Calendar;Keine Angabe
UR18650ZY;2600;60;100;1.016;30.0;-0.0533333;-41.6;-1.386666667;-506.1333333;Comparative Study on the Calendar Ageing;LCO;Calendar;Keine Angabe
UR18650ZY;2600;60;100;0.984;60.0;0.0266667;41.6;0.693333333;253.0666667;Comparative Study on the Calendar Ageing;LCO;Calendar;Keine Angabe
UR18650ZY;2600;60;100;0.931;90.0;0.0766667;179.4;1.993333333;727.5666667;Comparative Study on the Calendar Ageing;LCO;Calendar;Keine Angabe
UR18650ZY;2600;60;100;0.871;120.0;0.1075000;335.4;2.795;1020.175;Comparative Study on the Calendar Ageing;LCO;Calendar;Keine Angabe
NITECORE 2000mAh (?);2000;60;100;1.088;0.0;0.0000000;-176;0;0;Comparative Study on the Calendar Ageing;LMO;Calendar;Keine Angabe
NITECORE 2000mAh (?);2000;60;100;1.082;30.0;-0.2733333;-164;-5.466666667;-1995.333333;Comparative Study on the Calendar Ageing;LMO;Calendar;Keine Angabe
NITECORE 2000mAh (?);2000;60;100;1.069;60.0;-0.1150000;-138;-2.3;-839.5;Comparative Study on the Calendar Ageing;LMO;Calendar;Keine Angabe
NITECORE 2000mAh (?);2000;60;100;1.041;90.0;-0.0455556;-82;-0.911111111;-332.5555556;Comparative Study on the Calendar Ageing;LMO;Calendar;Keine Angabe
NITECORE 2000mAh (?);2000;60;100;1.005;120.0;-0.0041667;-10;-0.083333333;-30.41666667;Comparative Study on the Calendar Ageing;LMO;Calendar;Keine Angabe
INR18650-26F;2600;50;100;1.060;0.0;0.0000000;-156;0;0;Comparative Study on the Calendar Ageing;NMC;Calendar;Keine Angabe
INR18650-26F;2600;50;100;0.969;100.0;0.0310000;80.6;0.806;294.19;Comparative Study on the Calendar Ageing;NMC;Calendar;Keine Angabe
INR18650-26F;2600;50;100;0.897;150.0;0.0686667;267.8;1.785333333;651.6466667;Comparative Study on the Calendar Ageing;NMC;Calendar;Keine Angabe
INR18650-25R;2500;50;100;1.122;0.0;0.0000000;-305;#DIV/0!;#DIV/0!;Comparative Study on the Calendar Ageing;NCA;Calendar;Keine Angabe
INR18650-25R;2500;50;100;1.122;100.0;-0.1220000;-305;-3.05;-1113.25;Comparative Study on the Calendar Ageing;NCA;Calendar;Keine Angabe
INR18650-25R;2500;50;100;1.122;150.0;-0.0813333;-305;-2.033333333;-742.1666667;Comparative Study on the Calendar Ageing;NCA;Calendar;Keine Angabe
UR18650ZY;2600;50;100;1.181;0.0;0.0000000;-470.6;0;0;Comparative Study on the Calendar Ageing;LCO;Calendar;Keine Angabe
UR18650ZY;2600;50;100;1.093;100.0;-0.0930000;-241.8;-2.418;-882.57;Comparative Study on the Calendar Ageing;LCO;Calendar;Keine Angabe
UR18650ZY;2600;50;100;1.081;150.0;-0.0540000;-210.6;-1.404;-512.46;Comparative Study on the Calendar Ageing;LCO;Calendar;Keine Angabe
NITECORE 2000mAh (?);2000;50;100;1.242;0.0;0.0000000;-484;0;0;Comparative Study on the Calendar Ageing;LMO;Calendar;Keine Angabe
NITECORE 2000mAh (?);2000;50;100;1.237;100.0;-0.2370000;-474;-4.74;-1730.1;Comparative Study on the Calendar Ageing;LMO;Calendar;Keine Angabe
NITECORE 2000mAh (?);2000;50;100;1.240;150.0;-0.1600000;-480;-3.2;-1168;Comparative Study on the Calendar Ageing;LMO;Calendar;Keine Angabe
APR18650M-A1;1100;30;10;1.000;0.0;0.0000000;-0.166617;0;0;Evaluating the Aging-Induced Voltage Slippery as Cause for Float Currents of Lithium-ion Cells;LFP;Calendar;Keine Angabe
APR18650M-A1;1100;30;10;1.012;35.0;-0.0347314;-13.371578;-0.382045086;-139.4464563;Evaluating the Aging-Induced Voltage Slippery as Cause for Float Currents of Lithium-ion Cells;LFP;Calendar;Keine Angabe
APR18650M-A1;1100;30;10;1.008;65.0;-0.0129050;-9.227064;-0.141954831;-51.81351323;Evaluating the Aging-Induced Voltage Slippery as Cause for Float Currents of Lithium-ion Cells;LFP;Calendar;Keine Angabe
APR18650M-A1;1100;30;10;1.007;105.0;-0.0069969;-8.081447;-0.076966162;-28.0926491;Evaluating the Aging-Induced Voltage Slippery as Cause for Float Currents of Lithium-ion Cells;LFP;Calendar;Keine Angabe
APR18650M-A1;1100;30;10;1.006;140.0;-0.0043728;-6.734156;-0.048101114;-17.55690671;Evaluating the Aging-Induced Voltage Slippery as Cause for Float Currents of Lithium-ion Cells;LFP;Calendar;Keine Angabe
APR18650M-A1;1100;30;26;0.998;30.0;0.0054029;1.782957;0.0594319;21.6926435;Evaluating the Aging-Induced Voltage Slippery as Cause for Float Currents of Lithium-ion Cells;LFP;Calendar;Keine Angabe
APR18650M-A1;1100;30;26;0.996;65.0;0.0060588;4.332075;0.066647308;24.32626731;Evaluating the Aging-Induced Voltage Slippery as Cause for Float Currents of Lithium-ion Cells;LFP;Calendar;Keine Angabe
APR18650M-A1;1100;30;26;0.993;105.0;0.0065555;7.571575;0.072110238;26.3202369;Evaluating the Aging-Induced Voltage Slippery as Cause for Float Currents of Lithium-ion Cells;LFP;Calendar;Keine Angabe
APR18650M-A1;1100;30;26;0.990;140.0;0.0072151;11.111309;0.079366493;28.96876989;Evaluating the Aging-Induced Voltage Slippery as Cause for Float Currents of Lithium-ion Cells;LFP;Calendar;Keine Angabe
APR18650M-A1;1100;30;40;0.995;30.0;0.0162776;5.371619;0.179053967;65.35469783;Evaluating the Aging-Induced Voltage Slippery as Cause for Float Currents of Lithium-ion Cells;LFP;Calendar;Keine Angabe
APR18650M-A1;1100;30;40;0.988;65.0;0.0177716;12.706705;0.195487769;71.35303577;Evaluating the Aging-Induced Voltage Slippery as Cause for Float Currents of Lithium-ion Cells;LFP;Calendar;Keine Angabe
APR18650M-A1;1100;30;40;0.981;105.0;0.0182085;21.03079;0.200293238;73.1070319;Evaluating the Aging-Induced Voltage Slippery as Cause for Float Currents of Lithium-ion Cells;LFP;Calendar;Keine Angabe
APR18650M-A1;1100;30;40;0.974;140.0;0.0187384;28.85707;0.206121929;75.23450393;Evaluating the Aging-Induced Voltage Slippery as Cause for Float Currents of Lithium-ion Cells;LFP;Calendar;Keine Angabe
APR18650M-A1;1100;30;90;0.991;30.0;0.0295714;9.758551;0.325285033;118.7290372;Evaluating the Aging-Induced Voltage Slippery as Cause for Float Currents of Lithium-ion Cells;LFP;Calendar;Keine Angabe
APR18650M-A1;1100;30;90;0.983;65.0;0.0257196;18.389481;0.282915092;103.2640087;Evaluating the Aging-Induced Voltage Slippery as Cause for Float Currents of Lithium-ion Cells;LFP;Calendar;Keine Angabe
APR18650M-A1;1100;30;90;0.977;105.0;0.0222652;25.716361;0.244917724;89.39496919;Evaluating the Aging-Induced Voltage Slippery as Cause for Float Currents of Lithium-ion Cells;LFP;Calendar;Keine Angabe
APR18650M-A1;1100;30;90;0.970;140.0;0.0211986;32.645822;0.233184443;85.11232164;Evaluating the Aging-Induced Voltage Slippery as Cause for Float Currents of Lithium-ion Cells;LFP;Calendar;Keine Angabe
APR18650M-A1;1100;30;95;0.988;30.0;0.0401454;13.247982;0.4415994;161.183781;Evaluating the Aging-Induced Voltage Slippery as Cause for Float Currents of Lithium-ion Cells;LFP;Calendar;Keine Angabe
APR18650M-A1;1100;30;95;0.979;65.0;0.0321334;22.975359;0.353467062;129.0154775;Evaluating the Aging-Induced Voltage Slippery as Cause for Float Currents of Lithium-ion Cells;LFP;Calendar;Keine Angabe
APR18650M-A1;1100;30;95;0.970;105.0;0.0282210;32.595288;0.310431314;113.3074297;Evaluating the Aging-Induced Voltage Slippery as Cause for Float Currents of Lithium-ion Cells;LFP;Calendar;Keine Angabe
APR18650M-A1;1100;30;95;0.963;140.0;0.0267017;41.120596;0.293718543;107.2072681;Evaluating the Aging-Induced Voltage Slippery as Cause for Float Currents of Lithium-ion Cells;LFP;Calendar;Keine Angabe
NCR18650B;3200;30;28;1.000;0.0;0.0000000;-0.953792;0;0;Evaluating the Aging-Induced Voltage Slippery as Cause for Float Currents of Lithium-ion Cells;NCA;Calendar;Keine Angabe
NCR18650B;3200;30;28;1.036;35.0;-0.1025186;-114.820832;-3.2805952;-1197.417248;Evaluating the Aging-Induced Voltage Slippery as Cause for Float Currents of Lithium-ion Cells;NCA;Calendar;Keine Angabe
NCR18650B;3200;30;28;1.027;65.0;-0.0407894;-84.84192;-1.305260308;-476.4200123;Evaluating the Aging-Induced Voltage Slippery as Cause for Float Currents of Lithium-ion Cells;NCA;Calendar;Keine Angabe
NCR18650B;3200;30;28;1.019;105.0;-0.0178146;-59.857088;-0.570067505;-208.0746392;Evaluating the Aging-Induced Voltage Slippery as Cause for Float Currents of Lithium-ion Cells;NCA;Calendar;Keine Angabe
NCR18650B;3200;30;28;1.011;140.0;-0.0081229;-36.390592;-0.2599328;-94.875472;Evaluating the Aging-Induced Voltage Slippery as Cause for Float Currents of Lithium-ion Cells;NCA;Calendar;Keine Angabe
NCR18650B;3200;30;45;1.015;30.0;-0.0488640;-46.909408;-1.563646933;-570.7311307;Evaluating the Aging-Induced Voltage Slippery as Cause for Float Currents of Lithium-ion Cells;NCA;Calendar;Keine Angabe
NCR18650B;3200;30;45;1.006;65.0;-0.0085073;-17.695232;-0.272234338;-99.36553354;Evaluating the Aging-Induced Voltage Slippery as Cause for Float Currents of Lithium-ion Cells;NCA;Calendar;Keine Angabe
NCR18650B;3200;30;45;0.999;105.0;0.0013749;4.619808;0.043998171;16.05933257;Evaluating the Aging-Induced Voltage Slippery as Cause for Float Currents of Lithium-ion Cells;NCA;Calendar;Keine Angabe
NCR18650B;3200;30;45;0.994;140.0;0.0044807;20.073536;0.1433824;52.334576;Evaluating the Aging-Induced Voltage Slippery as Cause for Float Currents of Lithium-ion Cells;NCA;Calendar;Keine Angabe
NCR18650B;3200;30;60;0.991;30.0;0.0298255;28.632448;0.954414933;348.3614507;Evaluating the Aging-Induced Voltage Slippery as Cause for Float Currents of Lithium-ion Cells;NCA;Calendar;Keine Angabe
NCR18650B;3200;30;60;0.984;65.0;0.0239586;49.833824;0.766674215;279.8360886;Evaluating the Aging-Induced Voltage Slippery as Cause for Float Currents of Lithium-ion Cells;NCA;Calendar;Keine Angabe
NCR18650B;3200;30;60;0.979;105.0;0.0201103;67.570656;0.643530057;234.8884709;Evaluating the Aging-Induced Voltage Slippery as Cause for Float Currents of Lithium-ion Cells;NCA;Calendar;Keine Angabe
NCR18650B;3200;30;60;0.974;140.0;0.0188729;84.550432;0.603931657;220.4350549;Evaluating the Aging-Induced Voltage Slippery as Cause for Float Currents of Lithium-ion Cells;NCA;Calendar;Keine Angabe
NCR18650B;3200;30;70;0.991;30.0;0.0314142;30.157664;1.005255467;366.9182453;Evaluating the Aging-Induced Voltage Slippery as Cause for Float Currents of Lithium-ion Cells;NCA;Calendar;Keine Angabe
NCR18650B;3200;30;70;0.983;65.0;0.0259770;54.032256;0.831265477;303.4118991;Evaluating the Aging-Induced Voltage Slippery as Cause for Float Currents of Lithium-ion Cells;NCA;Calendar;Keine Angabe
NCR18650B;3200;30;70;0.977;105.0;0.0217002;72.912768;0.694407314;253.4586697;Evaluating the Aging-Induced Voltage Slippery as Cause for Float Currents of Lithium-ion Cells;NCA;Calendar;Keine Angabe
NCR18650B;3200;30;70;0.973;140.0;0.0196395;87.98496;0.628464;229.38936;Evaluating the Aging-Induced Voltage Slippery as Cause for Float Currents of Lithium-ion Cells;NCA;Calendar;Keine Angabe
NCR18650B;3200;30;100;0.986;30.0;0.0465170;44.656288;1.488542933;543.3181707;Evaluating the Aging-Induced Voltage Slippery as Cause for Float Currents of Lithium-ion Cells;NCA;Calendar;Keine Angabe
NCR18650B;3200;30;100;0.976;65.0;0.0362483;75.396512;1.159946338;423.3804135;Evaluating the Aging-Induced Voltage Slippery as Cause for Float Currents of Lithium-ion Cells;NCA;Calendar;Keine Angabe
NCR18650B;3200;30;100;0.969;105.0;0.0295350;99.237664;0.94512061;344.9690225;Evaluating the Aging-Induced Voltage Slippery as Cause for Float Currents of Lithium-ion Cells;NCA;Calendar;Keine Angabe
NCR18650B;3200;30;100;0.963;140.0;0.0264524;118.506592;0.846475657;308.9636149;Evaluating the Aging-Induced Voltage Slippery as Cause for Float Currents of Lithium-ion Cells;NCA;Calendar;Keine Angabe
UR18650AAN;2150;30;14;1.000;0.0;0.0000000;0.037582;0;0;Evaluating the Aging-Induced Voltage Slippery as Cause for Float Currents of Lithium-ion Cells;NMC;Calendar;Keine Angabe
UR18650AAN;2150;30;14;1.008;35.0;-0.0238920;-17.9787515;-0.513678614;-187.4926942;Evaluating the Aging-Induced Voltage Slippery as Cause for Float Currents of Lithium-ion Cells;NMC;Calendar;Keine Angabe
UR18650AAN;2150;30;14;1.005;65.0;-0.0078450;-10.963323;-0.168666508;-61.56327531;Evaluating the Aging-Induced Voltage Slippery as Cause for Float Currents of Lithium-ion Cells;NMC;Calendar;Keine Angabe
UR18650AAN;2150;30;14;1.000;105.0;0.0004010;0.905322;0.008622114;3.147071714;Evaluating the Aging-Induced Voltage Slippery as Cause for Float Currents of Lithium-ion Cells;NMC;Calendar;Keine Angabe
UR18650AAN;2150;30;14;0.993;140.0;0.0053301;16.043687;0.114597764;41.82818396;Evaluating the Aging-Induced Voltage Slippery as Cause for Float Currents of Lithium-ion Cells;NMC;Calendar;Keine Angabe
UR18650AAN;2150;30;60;1.000;30.0;0.0002730;0.176085;0.0058695;2.1423675;Evaluating the Aging-Induced Voltage Slippery as Cause for Float Currents of Lithium-ion Cells;NMC;Calendar;Keine Angabe
UR18650AAN;2150;30;60;0.999;65.0;0.0019989;2.793409;0.042975523;15.68606592;Evaluating the Aging-Induced Voltage Slippery as Cause for Float Currents of Lithium-ion Cells;NMC;Calendar;Keine Angabe
UR18650AAN;2150;30;60;0.997;105.0;0.0024492;5.5289615;0.052656776;19.21972331;Evaluating the Aging-Induced Voltage Slippery as Cause for Float Currents of Lithium-ion Cells;NMC;Calendar;Keine Angabe
UR18650AAN;2150;30;60;0.996;140.0;0.0027825;8.375325;0.05982375;21.83566875;Evaluating the Aging-Induced Voltage Slippery as Cause for Float Currents of Lithium-ion Cells;NMC;Calendar;Keine Angabe
UR18650AAN;2150;30;70;0.996;30.0;0.0140842;9.084309;0.3028103;110.5257595;Evaluating the Aging-Induced Voltage Slippery as Cause for Float Currents of Lithium-ion Cells;NMC;Calendar;Keine Angabe
UR18650AAN;2150;30;70;0.992;65.0;0.0118429;16.550399;0.254621523;92.93685592;Evaluating the Aging-Induced Voltage Slippery as Cause for Float Currents of Lithium-ion Cells;NMC;Calendar;Keine Angabe
UR18650AAN;2150;30;70;0.990;105.0;0.0098915;22.3300075;0.212666738;77.6233594;Evaluating the Aging-Induced Voltage Slippery as Cause for Float Currents of Lithium-ion Cells;NMC;Calendar;Keine Angabe
UR18650AAN;2150;30;70;0.987;140.0;0.0095258;28.672787;0.204805621;74.75405182;Evaluating the Aging-Induced Voltage Slippery as Cause for Float Currents of Lithium-ion Cells;NMC;Calendar;Keine Angabe
UR18650AAN;2150;30;90;0.993;30.0;0.0235241;15.173066;0.505768867;184.6056363;Evaluating the Aging-Induced Voltage Slippery as Cause for Float Currents of Lithium-ion Cells;NMC;Calendar;Keine Angabe
UR18650AAN;2150;30;90;0.989;65.0;0.0162000;22.6394355;0.348299008;127.1291378;Evaluating the Aging-Induced Voltage Slippery as Cause for Float Currents of Lithium-ion Cells;NMC;Calendar;Keine Angabe
UR18650AAN;2150;30;90;0.987;105.0;0.0127389;28.7579915;0.273885633;99.96825617;Evaluating the Aging-Induced Voltage Slippery as Cause for Float Currents of Lithium-ion Cells;NMC;Calendar;Keine Angabe
UR18650AAN;2150;30;90;0.984;140.0;0.0114364;34.4236715;0.245883368;89.74742927;Evaluating the Aging-Induced Voltage Slippery as Cause for Float Currents of Lithium-ion Cells;NMC;Calendar;Keine Angabe
UR18650AAN;2150;30;100;0.988;30.0;0.0392584;25.321668;0.8440556;308.080294;Evaluating the Aging-Induced Voltage Slippery as Cause for Float Currents of Lithium-ion Cells;NMC;Calendar;Keine Angabe
UR18650AAN;2150;30;100;0.984;65.0;0.0246723;34.479593;0.530455277;193.6161761;Evaluating the Aging-Induced Voltage Slippery as Cause for Float Currents of Lithium-ion Cells;NMC;Calendar;Keine Angabe
UR18650AAN;2150;30;100;0.981;105.0;0.0181334;40.936043;0.389867076;142.3014828;Evaluating the Aging-Induced Voltage Slippery as Cause for Float Currents of Lithium-ion Cells;NMC;Calendar;Keine Angabe
UR18650AAN;2150;30;100;0.978;140.0;0.0155198;46.7146195;0.333675854;121.7916866;Evaluating the Aging-Induced Voltage Slippery as Cause for Float Currents of Lithium-ion Cells;NMC;Calendar;Keine Angabe
UR18650E;2050;50;0;0.954;418.6;0.0109885;94.8048048;0.226469461;82.66135339;Calendar and cycle life study of Li(NiMnCo)O2-based 18650 lithiumion batteries;NMC;Calendar;float condition
UR18650E;2050;50;10;0.932;417.6;0.0162818;140.3603604;0.336076189;122.6678091;Calendar and cycle life study of Li(NiMnCo)O2-based 18650 lithiumion batteries;NMC;Calendar;float condition
UR18650E;2050;50;20;0.962;107.9;0.0352219;78.7987988;0.73038061;266.5889228;Calendar and cycle life study of Li(NiMnCo)O2-based 18650 lithiumion batteries;NMC;Calendar;float condition
UR18650E;2050;50;30;0.852;408.2;0.0362556;302.8828829;0.74197337;270.8202802;Calendar and cycle life study of Li(NiMnCo)O2-based 18650 lithiumion batteries;NMC;Calendar;float condition
UR18650E;2050;50;50;0.845;407.7;0.0380150;317.6576577;0.779081549;284.3647655;Calendar and cycle life study of Li(NiMnCo)O2-based 18650 lithiumion batteries;NMC;Calendar;float condition
UR18650E;2050;50;60;0.924;107.8;0.0705001;155.1351351;1.439085265;525.2661216;Calendar and cycle life study of Li(NiMnCo)O2-based 18650 lithiumion batteries;NMC;Calendar;float condition
UR18650E;2050;50;70;0.804;417.8;0.0469112;402.6126126;0.96362353;351.7225883;Calendar and cycle life study of Li(NiMnCo)O2-based 18650 lithiumion batteries;NMC;Calendar;float condition
UR18650E;2050;50;80;0.763;419.6;0.0564869;486.3363363;1.159140368;423.0862342;Calendar and cycle life study of Li(NiMnCo)O2-based 18650 lithiumion batteries;NMC;Calendar;float condition
UR18650E;2050;50;85;0.748;418.1;0.0602661;515.8858859;1.233746496;450.3174712;Calendar and cycle life study of Li(NiMnCo)O2-based 18650 lithiumion batteries;NMC;Calendar;float condition
UR18650E;2050;50;90;0.756;356.2;0.0685011;499.8798799;1.403374424;512.2316649;Calendar and cycle life study of Li(NiMnCo)O2-based 18650 lithiumion batteries;NMC;Calendar;float condition
UR18650E;2050;50;95;0.743;353.4;0.0727235;526.966967;1.491162475;544.2743032;Calendar and cycle life study of Li(NiMnCo)O2-based 18650 lithiumion batteries;NMC;Calendar;float condition
UR18650E;2050;50;100;0.551;157.3;0.2853655;920.960961;5.853239956;2136.432584;Calendar and cycle life study of Li(NiMnCo)O2-based 18650 lithiumion batteries;NMC;Calendar;float condition
UR18650E;2050;35;50;0.955;344.6;0.0130592;92.30125;0.267861995;97.76962814;Calendar and cycle life study of Li(NiMnCo)O2-based 18650 lithiumion batteries;NMC;Calendar;float condition
UR18650E;2050;35;50;0.952;344.6;0.0139298;99.22;0.28794049;105.0982788;Calendar and cycle life study of Li(NiMnCo)O2-based 18650 lithiumion batteries;NMC;Calendar;float condition
UR18650E;2050;40;50;0.930;342.8;0.0204185;143.5;0.418578462;152.7811385;Calendar and cycle life study of Li(NiMnCo)O2-based 18650 lithiumion batteries;NMC;Calendar;float condition
UR18650E;2050;40;50;0.926;342.5;0.0216074;152.26375;0.444597644;162.27814;Calendar and cycle life study of Li(NiMnCo)O2-based 18650 lithiumion batteries;NMC;Calendar;float condition
UR18650E;2050;50;50;0.846;407.5;0.0377891;316.46875;0.776563525;283.4456865;Calendar and cycle life study of Li(NiMnCo)O2-based 18650 lithiumion batteries;NMC;Calendar;float condition
UR18650E;2050;50;50;0.844;407.5;0.0382799;318.775;0.782222692;285.5112826;Calendar and cycle life study of Li(NiMnCo)O2-based 18650 lithiumion batteries;NMC;Calendar;float condition
NCR188650BD;3200;24;90;0.846;576.0;0.0267094;492.3076923;0.854700855;311.965812;nvestigation of Path-Dependent Degradation in Lithium-Ion Batteries;NCA;1d Cycling + 5 days Calendar, Group 1, C/2;open circuit voltage
NCR188650BD;3200;24;90;0.870;576.0;0.0226496;417.4769231;0.724786325;264.5470085;nvestigation of Path-Dependent Degradation in Lithium-Ion Batteries;NCA;1d Cycling + 5 days Calendar, Group 1, C2;open circuit voltage
NCR188650BD;3200;24;90;0.876;576.0;0.0214896;396.0967033;0.687667888;250.998779;nvestigation of Path-Dependent Degradation in Lithium-Ion Batteries;NCA;1d Cycling + 5 days Calendar, Group 1, C/2;open circuit voltage
NCR188650BD;3200;24;90;0.891;576.0;0.0189866;349.9604396;0.607570208;221.7631258;nvestigation of Path-Dependent Degradation in Lithium-Ion Batteries;NCA;1d Cycling + 5 days Calendar, Group 2, C/4;open circuit voltage
NCR188650BD;3200;24;90;0.892;576.0;0.0187118;344.8967033;0.598778999;218.5543346;nvestigation of Path-Dependent Degradation in Lithium-Ion Batteries;NCA;1d Cycling + 5 days Calendar, Group 2, C/4;open circuit voltage
NCR188650BD;3200;24;90;0.896;576.0;0.0180403;332.5186813;0.577289377;210.7106227;nvestigation of Path-Dependent Degradation in Lithium-Ion Batteries;NCA;1d Cycling + 5 days Calendar, Group 2, C/4;open circuit voltage
NCR188650BD;3200;24;90;0.831;576.0;0.0293346;540.6945055;0.938705739;342.6275946;nvestigation of Path-Dependent Degradation in Lithium-Ion Batteries;NCA;2d Cycling + 10 days Calendar, Group 3, C/2;open circuit voltage
NCR188650BD;3200;24;90;0.838;576.0;0.0282051;519.8769231;0.902564103;329.4358974;nvestigation of Path-Dependent Degradation in Lithium-Ion Batteries;NCA;2d Cycling + 10 days Calendar, Group 3, C/2;open circuit voltage
NCR188650BD;3200;24;90;0.839;576.0;0.0278999;514.2505495;0.892796093;325.8705739;nvestigation of Path-Dependent Degradation in Lithium-Ion Batteries;NCA;2d Cycling + 10 days Calendar, Group 3, C/2;open circuit voltage
NCR188650BD;3200;24;90;0.895;576.0;0.0183150;337.5824176;0.586080586;213.9194139;nvestigation of Path-Dependent Degradation in Lithium-Ion Batteries;NCA;2d Cycling + 10 days Calendar, Group 4, C/4;open circuit voltage
NCR188650BD;3200;24;90;0.898;576.0;0.0177045;326.3296703;0.566544567;206.7887668;nvestigation of Path-Dependent Degradation in Lithium-Ion Batteries;NCA;2d Cycling + 10 days Calendar, Group 4, C/4;open circuit voltage
NCR188650BD;3200;24;90;0.900;576.0;0.0172772;318.4527473;0.552869353;201.7973138;nvestigation of Path-Dependent Degradation in Lithium-Ion Batteries;NCA;2d Cycling + 10 days Calendar, Group 4, C/4;open circuit voltage
